﻿<?xml version="1.0"?>
<doc>
<assembly>
<name>
RedisExample01
</name>
</assembly>
<members>
<member name="T:RedisExample01.RedisStore">
	<summary>
 The redis store encapsulation class around the ServiceStack redis client 
 </summary>
	<remarks>This class is cumulatively constructed across the tutorial and is not broken.</remarks>
</member><member name="P:RedisExample01.My.Resources.Resources.ResourceManager">
	<summary>
  Returns the cached ResourceManager instance used by this class.
</summary>
</member><member name="P:RedisExample01.My.Resources.Resources.Culture">
	<summary>
  Overrides the current thread's CurrentUICulture property for all
  resource lookups using this strongly typed resource class.
</summary>
</member><member name="T:RedisExample01.My.Resources.Resources">
	<summary>
  A strongly-typed resource class, for looking up localized strings, etc.
</summary>
</member>
</members>
</doc>